Krzysztof Wilczyński - matti - matti@gentoo.pl
Michał Drobek - veng - veng@wp.pl
Łukasz Strzygowski - lucass - lucass@gentoo.pl
Jarosław Świerad - Messer - messer@gentoo.pl
Karol Góralski - gooroo - gooroo@gentoo.pl
Marcin Kryczek - Aye - crytcheck@napisy.org
Hubert Kromer - Sharak - sharak@rybnet.pl
Michał Januszewski - spock - spock@o2.pl
Adam Lyjak - ^Apo^ - lyjaka@wsisiz.edu.pl
Marcin Federowicz - ^barnaba^ - marcin.federowicz@gazeta.pl
Wojciech Arabczyk - arab - arab@skorski.net
Karol Wojtaszek - sekretarz - sekretarz@dukato.net
Krzysztof Sowa - brat - brat@chopin.man.bialystok.pl
Patryk Bobak - paul - paul@poczta.xo.pl
Kamil Winczek - crispe - crs@nst.pl
Grzegorz Rosek - swierszcz - swierszczu@gentoo.pl
